Model,Accuracy,F1-Score,Precision,Recall,Overfitting Gap
Gradient Boosting,1.0,1.0,1.0,1.0,1.6103059581218382e-05
Neural Network,0.9999087507984306,0.9999087922724263,0.9999089675423772,0.9999087507984306,1.6103059581218382e-05
XGBoost,0.9999087507984306,0.9999087434658225,0.9999087725710867,0.9999087507984306,4.8309421840864175e-05
Random Forest,0.999817501596861,0.9998174722495162,0.9998175886667098,0.999817501596861,9.661924884307727e-05
